Name,Latitude,Longitude,Description,Priority
Maligne Lake,52.7296,-117.6386,"Largest glacially-fed lake in the Canadian Rockies. Drive 48 km from Jasper on Maligne Road. Book the Spirit Island boat cruise in advance at malignelake.com — the postcard view of Jasper. Allow a full morning here.",Core
Spirit Island boat cruise,52.7177,-117.5838,"90-min guided cruise to Spirit Island — the most iconic view in Jasper, possibly in all of Canada. Book at malignelake.com well in advance. August slots sell out. This is non-negotiable if you're at Maligne Lake.",Core
Bald Hills trailhead,52.7255,-117.6388,"Climbs above treeline to a panoramic aerial view of Maligne Lake and the surrounding peaks — far more dramatic than the lakeshore view. 10 km return, 490m gain. Do in the afternoon after the Spirit Island cruise for a perfect full Maligne day.",Core
Athabasca Falls,52.6646,-117.8837,"High-volume whitewater through a tight limestone gorge — one of the most powerful waterfalls in the Rockies. Easy 20 min walk. 30 km south of Jasper on the Icefields Pkwy. Crowded midday — go in the late afternoon.",Core
Mt. Edith Cavell / Cavell Meadows,52.6986,-118.0543,"One of the most dramatic scenes in Jasper NP. The Angel Glacier hangs directly off a 3000m north face above a milky moraine lake. Cavell Meadows loop (8 km, 380m gain) climbs through wildflower meadows with the glacier looming above the whole time. 27 km south of Jasper on Edith Cavell Road — fine for an SUV.",Core
Valley of the Five Lakes,52.8289,-117.9834,"Five turquoise lakes in the forest — easy walking with excellent photography in afternoon light. 9 km loop, 100m gain. Good for a lower-energy afternoon after a big morning.",Add
Opal Hills trailhead,52.7251,-117.6400,"Steep climb to alpine meadows above Maligne Lake. 8.2 km loop, 460m gain. Best for fit hikers on a clear day — excellent backup if Bald Hills is crowded.",Add
Pyramid Lake,52.9013,-118.1087,"Scenic lake 7 km north of Jasper with Pyramid Mountain reflected in the water. Good easy evening option — short walk or paddling.",Add
Lake Annette,52.8995,-118.0367,"Easy blue-water lake close to Jasper townsite. Low-effort recovery stop — good for a swim or a short walk.",Add
